{
	"system" : {
		"platform" : "windows64",
		"os_name" : "Windows 10",
		"os_version" : "10.0"
	},
	"error" : {
		"executable" : "quartus",
		"comment" : "not_applicable",
		"error_message" : "glyph_itr == end_glyph_itr",
		"source_file" : "/quartus/edt/wedtq/wedtq_count_value_dlg.cpp",
		"line" : "82",
		"stack_trace" : "\t0x7ffe275a83b2: edt_wedtq + 0x83b2 (?set_details@WEDTQ_COUNT_VALUE_DLG@@IEAAXXZ + 0xb2)\n\t0x7ffe275a6bf7: edt_wedtq + 0x6bf7 (??0WEDTQ_COUNT_VALUE_DLG@@QEAA@PEAVQWidget@@@Z + 0xb7)\n\t0x7ffe275f6a7a: edt_wedtq + 0x56a7a (?update_overwrite_counter_value@WEDTQ_WAVEFORM_VIEW@@QEAAXXZ + 0x6a)\n\t 0x6546c420: QtCore4 + 0x11c420 (?activate@QMetaObject@@SAXPEAVQObject@@PEBU1@HPEAPEAX@Z + 0x520)\n\t 0x6564a23f: QtGui4 + 0xa23f (?activate@QAction@@QEAAXW4ActionEvent@1@@Z + 0xdf)\n\t 0x659839b5: QtGui4 + 0x3439b5 (?click@QAbstractButton@@QEAAXXZ + 0x135)\n\t 0x65984899: QtGui4 + 0x344899 (?mouseReleaseEvent@QAbstractButton@@MEAAXPEAVQMouseEvent@@@Z + 0x59)\n\t 0x65a3031e: QtGui4 + 0x3f031e (?mouseReleaseEvent@QToolButton@@MEAAXPEAVQMouseEvent@@@Z + 0xe)\n\t 0x656a0794: QtGui4 + 0x60794 (?event@QWidget@@MEAA_NPEAVQEvent@@@Z + 0xd4)\n\t 0x65662e95: QtGui4 + 0x22e95 (?notify_helper@QApplicationPrivate@@QEAA_NPEAVQObject@@PEAVQEvent@@@Z + 0xf5)\n\t 0x65661a8e: QtGui4 + 0x21a8e (?notify@QApplication@@UEAA_NPEAVQObject@@PEAVQEvent@@@Z + 0x71e)\n\t 0x6545d92b: QtCore4 + 0x10d92b (?notifyInternal@QCoreApplication@@AEAA_NPEAVQObject@@PEAVQEvent@@@Z + 0x7b)\n\t 0x65665cfe: QtGui4 + 0x25cfe (?sendMouseEvent@QApplicationPrivate@@SA_NPEAVQWidget@@PEAVQMouseEvent@@00PEAPEAV2@AEAV?$QPointer@VQWidget@@@@_N@Z + 0x1de)\n\t 0x656c56f0: QtGui4 + 0x856f0 (?trUtf8@QScrollBar@@SA?AVQString@@PEBD0H@Z + 0x1440)\n\t 0x656c90b1: QtGui4 + 0x890b1 (?winMouseButtonUp@QApplication@@SAXXZ + 0x2761)\n\t0x7ffe7f83e857: USER32 + 0xe857 (CallWindowProcW + 0x3f7)\n\t0x7ffe7f83e298: USER32 + 0xe298 (DispatchMessageW + 0x258)\n\t 0x65482802: QtCore4 + 0x132802 (?processEvents@QEventDispatcherWin32@@UEAA_NV?$QFlags@W4ProcessEventsFlag@QEventLoop@@@@@Z + 0x3e2)\n\t 0x656c0eb4: QtGui4 + 0x80eb4 (?openPopup@QApplicationPrivate@@QEAAXPEAVQWidget@@@Z + 0x204)\n\t 0x6545a88b: QtCore4 + 0x10a88b (?exec@QEventLoop@@QEAAHV?$QFlags@W4ProcessEventsFlag@QEventLoop@@@@@Z + 0x22b)\n\t 0x6545ce6f: QtCore4 + 0x10ce6f (?exec@QCoreApplication@@SAHXZ + 0xdf)\n\t0x7ff75f42197b: quartus + 0x197b (?qgq_main@@YAHHPEAPEBD@Z + 0x7b)\n\t0x7ffe3a9f2e98: CCL_MSG + 0x12e98 (?msg_main_thread@@YAPEAXPEAX@Z + 0x18)\n\t0x7ffe3a9f467e: CCL_MSG + 0x1467e (?msg_thread_wrapper@@YAPEAXP6APEAXPEAX@Z0@Z + 0x6e)\n\t0x7ffe51e86660: ccl_mem + 0x16660 (?mem_thread_wrapper@@YAPEAXP6APEAXPEAX@Z0@Z + 0x70)\n\t0x7ffe3a9f2761: CCL_MSG + 0x12761 (?msg_exe_main@@YAHHPEAPEBDP6AHH0@Z@Z + 0xa1)\n\t0x7ff75f4224e7: quartus + 0x24e7 (WinMain + 0x127)\n\t0x7ff75f421e58: quartus + 0x1e58 (__tmainCRTStartup + 0x148)\n\t0x7ffe81287343: KERNEL32 + 0x17343 (BaseThreadInitThunk + 0x13)\n\t0x7ffe818226b0: ntdll + 0x526b0 (RtlUserThreadStart + 0x20)\n",
		"subsystem" : "WEDTQ"
	},
	"quartus" : {
		"quartus_bits" : "64",
		"version" : "18.1.0",
		"build" : "625",
		"edition" : "Standard Edition"
	}
}